-- INSERTS TABELA PRODUTO
INSERT INTO PRODUTO (COD_PRODUTO, DES_PRODUTO, STA_STATUS) VALUES ('P001', 'Notebook Dell', 'A');
INSERT INTO PRODUTO (COD_PRODUTO, DES_PRODUTO, STA_STATUS) VALUES ('P002', 'Mouse Gamer', 'I');
INSERT INTO PRODUTO (COD_PRODUTO, DES_PRODUTO, STA_STATUS) VALUES ('P003', 'Teclado Mecânico', 'A');
INSERT INTO PRODUTO (COD_PRODUTO, DES_PRODUTO, STA_STATUS) VALUES ('P004', 'Monitor 24 polegadas', 'A');
INSERT INTO PRODUTO (COD_PRODUTO, DES_PRODUTO, STA_STATUS) VALUES ('P005', 'Headset Bluetooth', 'I');

-- INSERTS TABELA PRODUTO_COSIF
INSERT INTO PRODUTO_COSIF (COD_COSIF, COD_PRODUTO, COD_CLASSIFICACAO, STA_STATUS) VALUES ('COSIF000001', 'P001', 'CLA001', 'A');
INSERT INTO PRODUTO_COSIF (COD_COSIF, COD_PRODUTO, COD_CLASSIFICACAO, STA_STATUS) VALUES ('COSIF000002', 'P002', 'CLA002', 'I');
INSERT INTO PRODUTO_COSIF (COD_COSIF, COD_PRODUTO, COD_CLASSIFICACAO, STA_STATUS) VALUES ('COSIF000003', 'P003', 'CLA003', 'A');
INSERT INTO PRODUTO_COSIF (COD_COSIF, COD_PRODUTO, COD_CLASSIFICACAO, STA_STATUS) VALUES ('COSIF000004', 'P004', 'CLA001', 'A');
INSERT INTO PRODUTO_COSIF (COD_COSIF, COD_PRODUTO, COD_CLASSIFICACAO, STA_STATUS) VALUES ('COSIF000005', 'P005', 'CLA002', 'I');
INSERT INTO PRODUTO_COSIF (COD_COSIF, COD_PRODUTO, COD_CLASSIFICACAO, STA_STATUS) VALUES ('COSIF000006', 'P001', 'CLA004', 'A');
INSERT INTO PRODUTO_COSIF (COD_COSIF, COD_PRODUTO, COD_CLASSIFICACAO, STA_STATUS) VALUES ('COSIF000007', 'P002', 'CLA003', 'A');
INSERT INTO PRODUTO_COSIF (COD_COSIF, COD_PRODUTO, COD_CLASSIFICACAO, STA_STATUS) VALUES ('COSIF000008', 'P003', 'CLA005', 'I');

-- INSERTS TABELA MOVIMENTO MANUAL
INSERT INTO MOVIMENTO_MANUAL (DAT_MES, DAT_ANO, NUM_LANCAMENTO, COD_PRODUTO, COD_COSIF, DES_DESCRICAO, DAT_MOVIMENTO, COD_USUARIO, VAL_VALOR)
VALUES (9, 24, 100001, 'P001', 'COSIF000001', 'Venda de Notebook', '2024-09-01', 'usuario01', 1500.00);

INSERT INTO MOVIMENTO_MANUAL (DAT_MES, DAT_ANO, NUM_LANCAMENTO, COD_PRODUTO, COD_COSIF, DES_DESCRICAO, DAT_MOVIMENTO, COD_USUARIO, VAL_VALOR)
VALUES (9, 24, 100002, 'P002', 'COSIF000002', 'Compra de Mouse Gamer', '2024-09-02', 'usuario02', 300.00);

INSERT INTO MOVIMENTO_MANUAL (DAT_MES, DAT_ANO, NUM_LANCAMENTO, COD_PRODUTO, COD_COSIF, DES_DESCRICAO, DAT_MOVIMENTO, COD_USUARIO, VAL_VALOR)
VALUES (9, 24, 100003, 'P003', 'COSIF000003', 'Venda de Teclado Mecânico', '2024-09-03', 'usuario03', 500.00);

INSERT INTO MOVIMENTO_MANUAL (DAT_MES, DAT_ANO, NUM_LANCAMENTO, COD_PRODUTO, COD_COSIF, DES_DESCRICAO, DAT_MOVIMENTO, COD_USUARIO, VAL_VALOR)
VALUES (9, 24, 100004, 'P004', 'COSIF000004', 'Compra de Monitor', '2024-09-04', 'usuario04', 1200.00);

INSERT INTO MOVIMENTO_MANUAL (DAT_MES, DAT_ANO, NUM_LANCAMENTO, COD_PRODUTO, COD_COSIF, DES_DESCRICAO, DAT_MOVIMENTO, COD_USUARIO, VAL_VALOR)
VALUES (9, 24, 100005, 'P005', 'COSIF000005', 'Compra de Headset', '2024-09-05', 'usuario05', 800.00);

INSERT INTO MOVIMENTO_MANUAL (DAT_MES, DAT_ANO, NUM_LANCAMENTO, COD_PRODUTO, COD_COSIF, DES_DESCRICAO, DAT_MOVIMENTO, COD_USUARIO, VAL_VALOR)
VALUES (9, 24, 100006, 'P001', 'COSIF000006', 'Devolução de Notebook', '2024-09-06', 'usuario01', 1500.00);

INSERT INTO MOVIMENTO_MANUAL (DAT_MES, DAT_ANO, NUM_LANCAMENTO, COD_PRODUTO, COD_COSIF, DES_DESCRICAO, DAT_MOVIMENTO, COD_USUARIO, VAL_VALOR)
VALUES (9, 24, 100007, 'P002', 'COSIF000007', 'Venda de Mouse Gamer', '2024-09-07', 'usuario02', 320.00);

INSERT INTO MOVIMENTO_MANUAL (DAT_MES, DAT_ANO, NUM_LANCAMENTO, COD_PRODUTO, COD_COSIF, DES_DESCRICAO, DAT_MOVIMENTO, COD_USUARIO, VAL_VALOR)
VALUES (9, 24, 100008, 'P003', 'COSIF000008', 'Compra de Teclado Mecânico', '2024-09-08', 'usuario03', 450.00);
